5N,Smartavia
N2,Dagestan Airlines
SV,Saudi Arabian Airlines
KT,Kharkiv Airlines
UL,SriLankan Airlines
AV,Avianca Airlines
AO,Avianova
YK,Avia Traffic Company
HZ,Aurora
OS,Austrian Airlines
JP,Adria Airways
J2,AZAL - Azerbaijan Airlines
OZ,Asiana Airlines
A4,Azimuth
ZF,Azur Air
QU,Azur Air Ukraine
I4,I Fly
FI,Icelandair
2B,Ak Bars Aero
AZ,Alitalia
UJ,AlMasria Universal Airlines
AS,Alaska Airlines
AA,American Airlines
TK,AnadoluJet
2G,Angara Airlines
5G,Anda Air
LY,UP
AR,Aerolineas Argentinas
IZ,Arkia Israeli Airlines
U8,Armavia Airline
KK,Atlas Global
UH,Atlasjet Ukraine
EI,Aer Lingus
AM,Aeromexico
VV,AeroSvit Airlines
SU,Aeroflot Russian Airlines
6R,AeroUnion
PG,Bangkok Airways
Z9,Bek Air
B2,Belavia Airlines
NT,Binter Canarias
1B,BH Air
BD,BMI Airlines
BZ,Blue Bird Airways
KF,Blue1
BV,Blue Panorama Airlines
FB,Bulgaria Air
BA,British Airways
SN,Brussels Airlines
BU,Buryat Airlines
DP,BudgetAirline
WS,WestJet Airlines
W6,WizzAir
WU,WizzAir Ukraine
NN,VIM Airlines
IV,Wind Jet
VA,Virgin Australia
VX,Virgin America
VS,Virgin Atlantic Airways
XF,Vladivostok Air) Владави
VI,Volga-Dnepr
V7,Volotea
VJ,VietJet Air
VN,Vietnam Airlines
VY,Vueling Airlines
VF,Valuair
HA,Hawaiian Airlines
4G,Gazpromavia
GF,Gulf Air
HK,Hamburg Airways
GA,Garuda Indonesia Airways
ST,Germania Airlines
GB,Globus
G3,GOL Transportes Aereos
HX,Hong Kong Airlines
ZG,Grozny Avia
F7,Darwin Airline
DL,Delta Airlines
JU,Jat Airways
4U,Germanwings
9W,Jet Airways
LS,Jet2.com
B6,JetBlue Airways
3K,Jetstar Asia
BL,Jetstar Pacific
JQ,Jetstar Airways
TB,Jetairfly
Z6,Dniproavia
QD,Dobrolet
QD,Dobrolet Plus
D9,Donavia
7D,Donbassaero
KA,Dragonair
EW,Eurowings
K2,EuroLOT
GJ,Eurofly
MS,Egypt Air
IB,Iberia Airlines
I8,Izhavia
U2,EasyJet
6H,Israir Airlines
IK,Ikar Airlines
6E,IndiGo Airlines
4O,Interjet
IR,Iran Air
EG,East Air
KV,Kavminvodyavia airlines
IQ,Qazaq Air
RQ,Kam Air
K6,Cambodia Angkor Air
V3,Carpatair
CX,Cathay Pacific Airways
QR,Qatar Airways
KTK,Katekavia
KQ,Kenya Airways
CY,Cyprus Airways
CI,China Airlines
MU,China Eastern Airlines
CZ,China Southern Airlines
XG,Clickair
KL,KLM Airlines
7K,Kolavia) Когалымави
DE,Condor Airlines
CO,Continental Airlines
CM,Copa Airlines
KE,Korean Air
XC,Corendon Airlines
OU,Croatia Airlines
QF,Qantas Airways
CU,Cubana de Aviacion
GW,Kuban Airlines
JT,Lion Air
LA,LAN Airlines
JN,Livingston
LO,LOT Polish Airlines
LG,Luxair
LH,Lufthansa Airlines
MH,Malaysia Airlines
MA,Malev Hungarian Airlines
W5,Mahan Air
PS,Ukraine International Airlines
IG,Meridiana fly
7K,Metrojet
ME,Middle East Airlines - MEA
7M,Mistral Air
ZB,Monarch Airlines
OM,Mongolian Airlines MIAT
YM,Montenegro Airlines
3R,Moskovia Airlines
M9,Motor Sich Airlines
8M,Myanma Airways International
HG,NIKI Luftfahrt
DD,Nok Air
DY,Norwegian Air Shuttle
SK,Norwegian Airlines
5N,Nordavia – Regional Airlines
Y7,NordStar Airlines) Таймы
NW,Northwest Airlines
BJ,Nouvelair Tunisie
OA,Olympic Air
NH,ANA All Nippon Airways
8Q,Onur Air
R2,OrenAir
OX,Orient Thai Airlines
IK,Pegas Fly
ZM,Pegasus Asia
PC,Pegasus Airlines
DP,Pobeda
YQ,Polet Airlines
FR,Ryanair
WZ,Red Wings Airlines
7W,WINDROSE
BI,Royal Brunei Airlines
RJ,Royal Jordanian Airlines
AT,Royal Air Maroc
FV,Rossiya Airlines
4R,Royal Flight) Абакан-Ави
7R,RusLine
S7,S7 Airlines
6W,Saratov Airlines
SK,SAS - Scandinavian Airlines
SA,South African Airways
WN,Southwest Airlines
HZ,Sat Airlines
LX,Swiss International Airlines
5J,Cebu Pacific
N4,Nordwind Airlines
D2,Severstal Avia
MI,Silkair
SQ,Singapore Airlines
RB,Syrian Arab Airlines
WX,CityJet
GY,Sky Bishkek
XW,Sky Express
OO,SkyWest Airlines
BC,Skymark Airlines
DV,Scat Airlines
TZ,Scoot Airlines
QS,Smart Wings
S5,Small Planet Airlines
4J,Somon Air
NK,Spirit Airlines
9C,Spring Airlines
3U,Sichuan Airlines
MF,Xiamen Airlines
7J,Tajik Air
TG,THAI Smile Airways
TR,Tiger Airways
TG,Thai Airways
JJ,TAM Airlines
TP,TAP Portugal
RO,Tarom
U9,Tatarstan Airlines
VO,Tyrolean Airways
MT,Thomas Cook Airlines
BY,Thomsonfly
HV,Transavia Airlines
UN,Transaero Airlines
QS,Travel Service Airlines
X3,TUIfly
TU,Tunisair
TK,Turkish Airlines
T5,Turkmenistan Airlines
HY,Uzbekistan Airways
UF,UM Air
U6,Ural Airlines
FJ,Fiji Airways
PR,Philippine Airlines
AY,Finnair
5F,Fly One
GT,Fly Vista
FZ,Flydubai
BE,Flybe
HU,Hainan Airlines
HR,Hahn Air
A5,HOP!
DF,Center South
OK,CSA Czech Airlines
FM,Shanghai Airlines
BR,Eva Air 
A3,Aegean Airlines
ZI,Aigle Azur
AK,AirAsia
AH,Air Algerie
G9,Air Arabia
QN,Air Armenia
KC,Air Astana
BT,AirBaltic
AB,Air Berlin
KR,Air Bishkek
AP,Air One
EN,Air Dolomiti
UX,Air Europa
AI,Air India
9Y,Air Kazakhstan
AC,Air Canada
TX,Air Caraibes
JS,Air Koryo
XK,Air Corsica
QH,Air Kyrgyzstan
LT,Air Lituanica
MK,Air Mauritius
KM,Air Malta
ZM,Air Manas
9U,Air Moldova
SW,Air Namibia
NZ,Air New Zealand
OG,Air Onix
UU,Air Austral
E5,Air Samara
HM,Air Seychelles
JU,Air Serbia
AF,Air France
CA,Air China
D7,AirAsia X
A9,Airzena - Georgian Airways
EL,Ellinair
LY,El Al Israel Airlines
EK,Emirates Airlines
E4,Enter Air
OV,Estonian Air
EY,Etihad Airways
ET,Ethiopian Airlines
UW,UVT Aero
UA,United Airlines
US,US Airways
UT,UTair
QU,UTair Ukraine
UR,UTair-Express
R3,Yakutia Airlines
YL,Yamal Airlines
YE,YanAir
JL,Japan Airlines - JAL
